FREQ,FREQ_LABEL,REF_AREA,REF_AREA_LABEL,INDICATOR,INDICATOR_LABEL,UNIT_MEASURE,UNIT_MEASURE_LABEL,AGG_METHOD,AGG_METHOD_LABEL,DATABASE_ID,DATABASE_ID_LABEL,UNIT_MULT,UNIT_MULT_LABEL,OBS_STATUS,OBS_STATUS_LABEL,OBS_CONF,OBS_CONF_LABEL,2010,2011,2012,2013,2014,2015,2016,2017,2018,2019,2020,2021,2022,2023
A,Annual,ABW,Aruba,UNCTAD_DE_DIG_SERVTRADE_ANN_EXP,International exports in digitally-deliverable services,USD,US dollars,SUM,Sum,UNCTAD_DE,Digital Economy and Technology,6,Millions,A,Normal value,PU,Public,83.0,96.0,104.0,73.0,75.0,82.0,83.0,72.0,84.0,95.0,125.0,119.0,126.0,137.0
A,Annual,AFG,Afghanistan,UNCTAD_DE_DIG_SERVTRADE_ANN_EXP,International exports in digitally-deliverable services,USD,US dollars,SUM,Sum,UNCTAD_DE,Digital Economy and Technology,6,Millions,A,Normal value,PU,Public,818.0,1066.0,638.0,296.0,456.0,311.0,176.0,170.0,249.0,214.0,375.0,,,
A,Annual,AGO,Angola,UNCTAD_DE_DIG_SERVTRADE_ANN_EXP,International exports in digitally-deliverable services,USD,US dollars,SUM,Sum,UNCTAD_DE,Digital Economy and Technology,6,Millions,A,Normal value,PU,Public,63.0,60.0,50.0,42.0,60.0,51.0,36.0,43.0,42.0,24.0,17.0,36.0,26.0,36.0
A,Annual,AIA,Anguilla,UNCTAD_DE_DIG_SERVTRADE_ANN_EXP,International exports in digitally-deliverable services,USD,US dollars,SUM,Sum,UNCTAD_DE,Digital Economy and Technology,6,Millions,A,Normal value,PU,Public,7.0,7.0,8.0,7.0,6.0,8.0,7.0,55.0,9.0,8.0,9.0,9.0,8.0,8.0
A,Annual,ALB,Albania,UNCTAD_DE_DIG_SERVTRADE_ANN_EXP,International exports in digitally-deliverable services,USD,US dollars,SUM,Sum,UNCTAD_DE,Digital Economy and Technology,6,Millions,A,Normal value,PU,Public,312.0,314.0,308.0,301.0,286.0,241.0,398.0,,,782.0,,,954.0,1065.0
A,Annual,ARE,United Arab Emirates,UNCTAD_DE_DIG_SERVTRADE_ANN_EXP,International exports in digitally-deliverable services,USD,US dollars,SUM,Sum,UNCTAD_DE,Digital Economy and Technology,6,Millions,A,Normal value,PU,Public,,,,,26059.0,26355.0,27915.0,29740.0,30402.0,30989.0,33689.0,39299.0,46713.0,49700.0
A,Annual,ARG,Argentina,UNCTAD_DE_DIG_SERVTRADE_ANN_EXP,International exports in digitally-deliverable services,USD,US dollars,SUM,Sum,UNCTAD_DE,Digital Economy and Technology,6,Millions,A,Normal value,PU,Public,4755.0,5632.0,5650.0,5535.0,4998.0,5130.0,5357.0,6997.0,6751.0,6492.0,5729.0,6396.0,7613.0,7801.0
A,Annual,ARM,Armenia,UNCTAD_DE_DIG_SERVTRADE_ANN_EXP,International exports in digitally-deliverable services,USD,US dollars,SUM,Sum,UNCTAD_DE,Digital Economy and Technology,6,Millions,A,Normal value,PU,Public,173.0,160.0,152.0,176.0,196.0,189.0,235.0,284.0,316.0,346.0,407.0,458.0,1007.0,1345.0
A,Annual,ATG,Antigua and Barbuda,UNCTAD_DE_DIG_SERVTRADE_ANN_EXP,International exports in digitally-deliverable services,USD,US dollars,SUM,Sum,UNCTAD_DE,Digital Economy and Technology,6,Millions,A,Normal value,PU,Public,48.0,52.0,51.0,52.0,52.0,59.0,62.0,55.0,59.0,65.0,71.0,79.0,80.0,87.0
A,Annual,AUS,Australia,UNCTAD_DE_DIG_SERVTRADE_ANN_EXP,International exports in digitally-deliverable services,USD,US dollars,SUM,Sum,UNCTAD_DE,Digital Economy and Technology,6,Millions,A,Normal value,PU,Public,11602.0,13891.0,14850.0,15276.0,15339.0,13929.0,14065.0,15531.0,16491.0,17567.0,17618.0,21103.0,20953.0,21759.0
A,Annual,AUT,Austria,UNCTAD_DE_DIG_SERVTRADE_ANN_EXP,International exports in digitally-deliverable services,USD,US dollars,SUM,Sum,UNCTAD_DE,Digital Economy and Technology,6,Millions,A,Normal value,PU,Public,17447.0,21104.0,22055.0,24767.0,26498.0,22389.0,23289.0,25744.0,29354.0,30153.0,29949.0,34820.0,35331.0,35604.0
A,Annual,AZE,Azerbaijan,UNCTAD_DE_DIG_SERVTRADE_ANN_EXP,International exports in digitally-deliverable services,USD,US dollars,SUM,Sum,UNCTAD_DE,Digital Economy and Technology,6,Millions,A,Normal value,PU,Public,460.0,375.0,625.0,611.0,495.0,413.0,352.0,431.0,532.0,634.0,489.0,815.0,1110.0,1439.0
A,Annual,BDI,Burundi,UNCTAD_DE_DIG_SERVTRADE_ANN_EXP,International exports in digitally-deliverable services,USD,US dollars,SUM,Sum,UNCTAD_DE,Digital Economy and Technology,6,Millions,A,Normal value,PU,Public,4.0,8.0,8.0,21.0,21.0,14.0,9.0,10.0,12.0,13.0,19.0,25.0,25.0,29.0
A,Annual,BEL,Belgium,UNCTAD_DE_DIG_SERVTRADE_ANN_EXP,International exports in digitally-deliverable services,USD,US dollars,SUM,Sum,UNCTAD_DE,Digital Economy and Technology,6,Millions,A,Normal value,PU,Public,47373.0,51689.0,53079.0,61499.0,69530.0,63903.0,64545.0,70313.0,74454.0,74627.0,75852.0,86692.0,84707.0,92739.0
A,Annual,BEN,Benin,UNCTAD_DE_DIG_SERVTRADE_ANN_EXP,International exports in digitally-deliverable services,USD,US dollars,SUM,Sum,UNCTAD_DE,Digital Economy and Technology,6,Millions,A,Normal value,PU,Public,53.0,66.0,108.0,102.0,93.0,49.0,43.0,22.0,130.0,89.0,53.0,41.0,40.0,
A,Annual,BFA,Burkina Faso,UNCTAD_DE_DIG_SERVTRADE_ANN_EXP,International exports in digitally-deliverable services,USD,US dollars,SUM,Sum,UNCTAD_DE,Digital Economy and Technology,6,Millions,A,Normal value,PU,Public,76.0,198.0,202.0,173.0,137.0,122.0,135.0,158.0,181.0,175.0,177.0,187.0,165.0,
A,Annual,BGD,Bangladesh,UNCTAD_DE_DIG_SERVTRADE_ANN_EXP,International exports in digitally-deliverable services,USD,US dollars,SUM,Sum,UNCTAD_DE,Digital Economy and Technology,6,Millions,A,Normal value,PU,Public,808.0,922.0,762.0,773.0,925.0,961.0,1199.0,1214.0,1571.0,1608.0,1443.0,1740.0,2121.0,2043.0
A,Annual,BGR,Bulgaria,UNCTAD_DE_DIG_SERVTRADE_ANN_EXP,International exports in digitally-deliverable services,USD,US dollars,SUM,Sum,UNCTAD_DE,Digital Economy and Technology,6,Millions,A,Normal value,PU,Public,1246.0,1651.0,1798.0,1810.0,2379.0,2748.0,2905.0,2825.0,3477.0,4218.0,4373.0,5680.0,6497.0,7667.0
A,Annual,BHR,Bahrain,UNCTAD_DE_DIG_SERVTRADE_ANN_EXP,International exports in digitally-deliverable services,USD,US dollars,SUM,Sum,UNCTAD_DE,Digital Economy and Technology,6,Millions,A,Normal value,PU,Public,1745.0,1027.0,6298.0,6320.0,6369.0,6315.0,6521.0,5452.0,6293.0,6320.0,6172.0,6325.0,6835.0,6870.0
A,Annual,BHS,"Bahamas, The",UNCTAD_DE_DIG_SERVTRADE_ANN_EXP,International exports in digitally-deliverable services,USD,US dollars,SUM,Sum,UNCTAD_DE,Digital Economy and Technology,6,Millions,A,Normal value,PU,Public,36.0,28.0,34.0,35.0,39.0,33.0,33.0,24.0,43.0,217.0,217.0,242.0,229.0,233.0
A,Annual,BIH,Bosnia and Herzegovina,UNCTAD_DE_DIG_SERVTRADE_ANN_EXP,International exports in digitally-deliverable services,USD,US dollars,SUM,Sum,UNCTAD_DE,Digital Economy and Technology,6,Millions,A,Normal value,PU,Public,156.0,158.0,158.0,159.0,156.0,170.0,196.0,215.0,274.0,298.0,377.0,473.0,471.0,518.0
A,Annual,BLR,Belarus,UNCTAD_DE_DIG_SERVTRADE_ANN_EXP,International exports in digitally-deliverable services,USD,US dollars,SUM,Sum,UNCTAD_DE,Digital Economy and Technology,6,Millions,A,Normal value,PU,Public,832.0,918.0,1105.0,1384.0,1621.0,1600.0,1723.0,2160.0,2675.0,3561.0,3921.0,4584.0,3849.0,3512.0
A,Annual,BLZ,Belize,UNCTAD_DE_DIG_SERVTRADE_ANN_EXP,International exports in digitally-deliverable services,USD,US dollars,SUM,Sum,UNCTAD_DE,Digital Economy and Technology,6,Millions,A,Normal value,PU,Public,38.0,39.0,48.0,41.0,51.0,55.0,71.0,67.0,70.0,82.0,93.0,160.0,185.0,169.0
A,Annual,BMU,Bermuda,UNCTAD_DE_DIG_SERVTRADE_ANN_EXP,International exports in digitally-deliverable services,USD,US dollars,SUM,Sum,UNCTAD_DE,Digital Economy and Technology,6,Millions,A,Normal value,PU,Public,799.0,820.0,798.0,776.0,734.0,699.0,693.0,708.0,804.0,777.0,761.0,815.0,839.0,863.0
A,Annual,BOL,Bolivia,UNCTAD_DE_DIG_SERVTRADE_ANN_EXP,International exports in digitally-deliverable services,USD,US dollars,SUM,Sum,UNCTAD_DE,Digital Economy and Technology,6,Millions,A,Normal value,PU,Public,145.0,170.0,221.0,245.0,127.0,118.0,120.0,120.0,123.0,98.0,70.0,64.0,63.0,76.0
A,Annual,BRA,Brazil,UNCTAD_DE_DIG_SERVTRADE_ANN_EXP,International exports in digitally-deliverable services,USD,US dollars,SUM,Sum,UNCTAD_DE,Digital Economy and Technology,6,Millions,A,Normal value,PU,Public,12702.0,14886.0,16236.0,16096.0,19035.0,16900.0,16748.0,17209.0,17601.0,18037.0,15945.0,19116.0,23513.0,25731.0
A,Annual,BRB,Barbados,UNCTAD_DE_DIG_SERVTRADE_ANN_EXP,International exports in digitally-deliverable services,USD,US dollars,SUM,Sum,UNCTAD_DE,Digital Economy and Technology,6,Millions,A,Normal value,PU,Public,127.0,148.0,149.0,197.0,191.0,186.0,119.0,169.0,67.0,88.0,80.0,,,
A,Annual,BRN,Brunei Darussalam,UNCTAD_DE_DIG_SERVTRADE_ANN_EXP,International exports in digitally-deliverable services,USD,US dollars,SUM,Sum,UNCTAD_DE,Digital Economy and Technology,6,Millions,A,Normal value,PU,Public,,,,,18.0,6.0,8.0,4.0,4.0,5.0,11.0,12.0,15.0,39.0
A,Annual,BTN,Bhutan,UNCTAD_DE_DIG_SERVTRADE_ANN_EXP,International exports in digitally-deliverable services,USD,US dollars,SUM,Sum,UNCTAD_DE,Digital Economy and Technology,6,Millions,A,Normal value,PU,Public,3.0,3.0,3.0,5.0,3.0,3.0,6.0,7.0,6.0,9.0,11.0,14.0,16.0,18.0
A,Annual,BWA,Botswana,UNCTAD_DE_DIG_SERVTRADE_ANN_EXP,International exports in digitally-deliverable services,USD,US dollars,SUM,Sum,UNCTAD_DE,Digital Economy and Technology,6,Millions,A,Normal value,PU,Public,115.0,196.0,94.0,171.0,217.0,164.0,163.0,218.0,227.0,163.0,204.0,205.0,208.0,231.0
A,Annual,CAF,Central African Republic,UNCTAD_DE_DIG_SERVTRADE_ANN_EXP,International exports in digitally-deliverable services,USD,US dollars,SUM,Sum,UNCTAD_DE,Digital Economy and Technology,6,Millions,A,Normal value,PU,Public,3.0,3.0,3.0,4.0,5.0,8.0,7.0,6.0,8.0,,2.0,3.0,,
A,Annual,CAN,Canada,UNCTAD_DE_DIG_SERVTRADE_ANN_EXP,International exports in digitally-deliverable services,USD,US dollars,SUM,Sum,UNCTAD_DE,Digital Economy and Technology,6,Millions,A,Normal value,PU,Public,44406.0,50119.0,52825.0,54074.0,53382.0,48331.0,48823.0,52253.0,60076.0,66568.0,71333.0,80493.0,81293.0,83157.0
A,Annual,CHE,Switzerland,UNCTAD_DE_DIG_SERVTRADE_ANN_EXP,International exports in digitally-deliverable services,USD,US dollars,SUM,Sum,UNCTAD_DE,Digital Economy and Technology,6,Millions,A,Normal value,PU,Public,66749.0,76443.0,81390.0,81500.0,88016.0,85665.0,89103.0,88930.0,96723.0,94028.0,89012.0,102964.0,103934.0,115353.0
A,Annual,CHL,Chile,UNCTAD_DE_DIG_SERVTRADE_ANN_EXP,International exports in digitally-deliverable services,USD,US dollars,SUM,Sum,UNCTAD_DE,Digital Economy and Technology,6,Millions,A,Normal value,PU,Public,1520.0,1966.0,2245.0,2294.0,2222.0,2369.0,2353.0,2247.0,2438.0,2463.0,2293.0,2487.0,3030.0,3346.0
A,Annual,CHN,China,UNCTAD_DE_DIG_SERVTRADE_ANN_EXP,International exports in digitally-deliverable services,USD,US dollars,SUM,Sum,UNCTAD_DE,Digital Economy and Technology,6,Millions,A,Normal value,PU,Public,56020.0,72874.0,71724.0,80382.0,96417.0,91104.0,91510.0,100239.0,129525.0,140765.0,151509.0,191288.0,207007.0,216265.0
A,Annual,CIV,Cote d'Ivoire,UNCTAD_DE_DIG_SERVTRADE_ANN_EXP,International exports in digitally-deliverable services,USD,US dollars,SUM,Sum,UNCTAD_DE,Digital Economy and Technology,6,Millions,A,Normal value,PU,Public,424.0,378.0,342.0,287.0,280.0,240.0,119.0,190.0,269.0,240.0,168.0,224.0,187.0,
A,Annual,CMR,Cameroon,UNCTAD_DE_DIG_SERVTRADE_ANN_EXP,International exports in digitally-deliverable services,USD,US dollars,SUM,Sum,UNCTAD_DE,Digital Economy and Technology,6,Millions,A,Normal value,PU,Public,425.0,761.0,595.0,643.0,664.0,472.0,523.0,656.0,697.0,748.0,571.0,404.0,471.0,966.0
A,Annual,COD,"Congo, Dem. Rep.",UNCTAD_DE_DIG_SERVTRADE_ANN_EXP,International exports in digitally-deliverable services,USD,US dollars,SUM,Sum,UNCTAD_DE,Digital Economy and Technology,6,Millions,A,Normal value,PU,Public,127.0,143.0,84.0,36.0,25.0,15.0,11.0,12.0,7.0,4.0,7.0,8.0,,
A,Annual,COG,"Congo, Rep.",UNCTAD_DE_DIG_SERVTRADE_ANN_EXP,International exports in digitally-deliverable services,USD,US dollars,SUM,Sum,UNCTAD_DE,Digital Economy and Technology,6,Millions,A,Normal value,PU,Public,52.0,124.0,42.0,71.0,65.0,43.0,25.0,154.0,,68.0,95.0,98.0,,
A,Annual,COL,Colombia,UNCTAD_DE_DIG_SERVTRADE_ANN_EXP,International exports in digitally-deliverable services,USD,US dollars,SUM,Sum,UNCTAD_DE,Digital Economy and Technology,6,Millions,A,Normal value,PU,Public,1196.0,1335.0,1788.0,1874.0,2168.0,1542.0,1531.0,1769.0,1932.0,1805.0,1864.0,2227.0,3026.0,3136.0
A,Annual,COM,Comoros,UNCTAD_DE_DIG_SERVTRADE_ANN_EXP,International exports in digitally-deliverable services,USD,US dollars,SUM,Sum,UNCTAD_DE,Digital Economy and Technology,6,Millions,A,Normal value,PU,Public,16.0,18.0,16.0,19.0,22.0,20.0,19.0,20.0,22.0,19.0,20.0,9.0,13.0,
A,Annual,CPV,Cabo Verde,UNCTAD_DE_DIG_SERVTRADE_ANN_EXP,International exports in digitally-deliverable services,USD,US dollars,SUM,Sum,UNCTAD_DE,Digital Economy and Technology,6,Millions,A,Normal value,PU,Public,31.0,43.0,43.0,68.0,93.0,52.0,91.0,69.0,53.0,49.0,43.0,51.0,55.0,64.0
A,Annual,CRI,Costa Rica,UNCTAD_DE_DIG_SERVTRADE_ANN_EXP,International exports in digitally-deliverable services,USD,US dollars,SUM,Sum,UNCTAD_DE,Digital Economy and Technology,6,Millions,A,Normal value,PU,Public,1830.0,2226.0,2402.0,2806.0,3172.0,3635.0,4079.0,4186.0,4680.0,5465.0,5733.0,6402.0,7793.0,9057.0
A,Annual,CUW,Curacao,UNCTAD_DE_DIG_SERVTRADE_ANN_EXP,International exports in digitally-deliverable services,USD,US dollars,SUM,Sum,UNCTAD_DE,Digital Economy and Technology,6,Millions,A,Normal value,PU,Public,,276.0,281.0,293.0,349.0,336.0,349.0,356.0,414.0,360.0,307.0,307.0,325.0,354.0
A,Annual,CYM,Cayman Islands,UNCTAD_DE_DIG_SERVTRADE_ANN_EXP,International exports in digitally-deliverable services,USD,US dollars,SUM,Sum,UNCTAD_DE,Digital Economy and Technology,6,Millions,A,Normal value,PU,Public,1000.0,1007.0,1284.0,1915.0,2047.0,2186.0,2275.0,2561.0,2670.0,2732.0,2970.0,3164.0,,
A,Annual,CYP,Cyprus,UNCTAD_DE_DIG_SERVTRADE_ANN_EXP,International exports in digitally-deliverable services,USD,US dollars,SUM,Sum,UNCTAD_DE,Digital Economy and Technology,6,Millions,A,Normal value,PU,Public,3688.0,4114.0,3700.0,4401.0,5308.0,4907.0,5704.0,6741.0,7146.0,8753.0,12056.0,15176.0,15543.0,15306.0
A,Annual,CZE,Czechia,UNCTAD_DE_DIG_SERVTRADE_ANN_EXP,International exports in digitally-deliverable services,USD,US dollars,SUM,Sum,UNCTAD_DE,Digital Economy and Technology,6,Millions,A,Normal value,PU,Public,6884.0,8615.0,8581.0,8930.0,9353.0,8450.0,9249.0,10330.0,11790.0,12222.0,12542.0,15256.0,15879.0,18459.0
A,Annual,DEU,Germany,UNCTAD_DE_DIG_SERVTRADE_ANN_EXP,International exports in digitally-deliverable services,USD,US dollars,SUM,Sum,UNCTAD_DE,Digital Economy and Technology,6,Millions,A,Normal value,PU,Public,118296.0,135399.0,140804.0,152386.0,170946.0,161481.0,173670.0,188558.0,207013.0,208244.0,209394.0,252931.0,245047.0,264682.0
A,Annual,DJI,Djibouti,UNCTAD_DE_DIG_SERVTRADE_ANN_EXP,International exports in digitally-deliverable services,USD,US dollars,SUM,Sum,UNCTAD_DE,Digital Economy and Technology,6,Millions,A,Normal value,PU,Public,11.0,11.0,13.0,68.0,84.0,89.0,94.0,99.0,105.0,117.0,90.0,88.0,103.0,
A,Annual,DMA,Dominica,UNCTAD_DE_DIG_SERVTRADE_ANN_EXP,International exports in digitally-deliverable services,USD,US dollars,SUM,Sum,UNCTAD_DE,Digital Economy and Technology,6,Millions,A,Normal value,PU,Public,17.0,18.0,17.0,17.0,18.0,24.0,29.0,28.0,31.0,30.0,29.0,36.0,39.0,39.0
A,Annual,DNK,Denmark,UNCTAD_DE_DIG_SERVTRADE_ANN_EXP,International exports in digitally-deliverable services,USD,US dollars,SUM,Sum,UNCTAD_DE,Digital Economy and Technology,6,Millions,A,Normal value,PU,Public,12913.0,14883.0,15841.0,15951.0,15938.0,13974.0,15148.0,17314.0,19336.0,21808.0,23193.0,24969.0,27062.0,33656.0
A,Annual,DOM,Dominican Republic,UNCTAD_DE_DIG_SERVTRADE_ANN_EXP,International exports in digitally-deliverable services,USD,US dollars,SUM,Sum,UNCTAD_DE,Digital Economy and Technology,6,Millions,A,Normal value,PU,Public,331.0,348.0,371.0,336.0,368.0,317.0,343.0,360.0,385.0,346.0,888.0,989.0,982.0,926.0
A,Annual,DZA,Algeria,UNCTAD_DE_DIG_SERVTRADE_ANN_EXP,International exports in digitally-deliverable services,USD,US dollars,SUM,Sum,UNCTAD_DE,Digital Economy and Technology,6,Millions,A,Normal value,PU,Public,738.0,710.0,813.0,748.0,704.0,784.0,746.0,656.0,646.0,660.0,518.0,638.0,665.0,660.0
A,Annual,ECU,Ecuador,UNCTAD_DE_DIG_SERVTRADE_ANN_EXP,International exports in digitally-deliverable services,USD,US dollars,SUM,Sum,UNCTAD_DE,Digital Economy and Technology,6,Millions,A,Normal value,PU,Public,,,,,,,268.0,254.0,238.0,283.0,285.0,259.0,325.0,354.0
A,Annual,EGY,"Egypt, Arab Rep.",UNCTAD_DE_DIG_SERVTRADE_ANN_EXP,International exports in digitally-deliverable services,USD,US dollars,SUM,Sum,UNCTAD_DE,Digital Economy and Technology,6,Millions,A,Normal value,PU,Public,2120.0,1948.0,2166.0,1873.0,2661.0,2010.0,2228.0,1798.0,1982.0,2434.0,2697.0,3468.0,4279.0,
A,Annual,ESP,Spain,UNCTAD_DE_DIG_SERVTRADE_ANN_EXP,International exports in digitally-deliverable services,USD,US dollars,SUM,Sum,UNCTAD_DE,Digital Economy and Technology,6,Millions,A,Normal value,PU,Public,,,36559.0,36217.0,39268.0,34520.0,37094.0,41897.0,45703.0,48227.0,45642.0,54803.0,59560.0,73576.0
A,Annual,EST,Estonia,UNCTAD_DE_DIG_SERVTRADE_ANN_EXP,International exports in digitally-deliverable services,USD,US dollars,SUM,Sum,UNCTAD_DE,Digital Economy and Technology,6,Millions,A,Normal value,PU,Public,1218.0,1402.0,1425.0,1635.0,1860.0,1625.0,1851.0,2162.0,2447.0,2662.0,2976.0,5319.0,5876.0,6334.0
A,Annual,ETH,Ethiopia,UNCTAD_DE_DIG_SERVTRADE_ANN_EXP,International exports in digitally-deliverable services,USD,US dollars,SUM,Sum,UNCTAD_DE,Digital Economy and Technology,6,Millions,A,Normal value,PU,Public,184.0,165.0,182.0,172.0,161.0,158.0,171.0,186.0,243.0,271.0,251.0,356.0,312.0,364.0
A,Annual,FIN,Finland,UNCTAD_DE_DIG_SERVTRADE_ANN_EXP,International exports in digitally-deliverable services,USD,US dollars,SUM,Sum,UNCTAD_DE,Digital Economy and Technology,6,Millions,A,Normal value,PU,Public,13041.0,15464.0,15251.0,15737.0,16267.0,15650.0,16895.0,18531.0,19690.0,22267.0,22867.0,26161.0,24486.0,24376.0
A,Annual,FJI,Fiji,UNCTAD_DE_DIG_SERVTRADE_ANN_EXP,International exports in digitally-deliverable services,USD,US dollars,SUM,Sum,UNCTAD_DE,Digital Economy and Technology,6,Millions,A,Normal value,PU,Public,25.0,27.0,35.0,32.0,32.0,31.0,34.0,44.0,43.0,35.0,23.0,22.0,32.0,43.0
A,Annual,FRA,France,UNCTAD_DE_DIG_SERVTRADE_ANN_EXP,International exports in digitally-deliverable services,USD,US dollars,SUM,Sum,UNCTAD_DE,Digital Economy and Technology,6,Millions,A,Normal value,PU,Public,95231.0,108330.0,109297.0,124139.0,135254.0,124334.0,132909.0,132522.0,154876.0,149679.0,134846.0,155536.0,155625.0,184968.0
A,Annual,FRO,Faroe Islands,UNCTAD_DE_DIG_SERVTRADE_ANN_EXP,International exports in digitally-deliverable services,USD,US dollars,SUM,Sum,UNCTAD_DE,Digital Economy and Technology,6,Millions,A,Normal value,PU,Public,35.0,32.0,30.0,29.0,27.0,26.0,29.0,28.0,46.0,44.0,44.0,35.0,29.0,
A,Annual,FSM,"Micronesia, Fed. Sts.",UNCTAD_DE_DIG_SERVTRADE_ANN_EXP,International exports in digitally-deliverable services,USD,US dollars,SUM,Sum,UNCTAD_DE,Digital Economy and Technology,6,Millions,A,Normal value,PU,Public,4.0,4.0,4.0,2.0,4.0,5.0,6.0,8.0,17.0,12.0,9.0,,,
A,Annual,GAB,Gabon,UNCTAD_DE_DIG_SERVTRADE_ANN_EXP,International exports in digitally-deliverable services,USD,US dollars,SUM,Sum,UNCTAD_DE,Digital Economy and Technology,6,Millions,A,Normal value,PU,Public,291.0,213.0,210.0,200.0,94.0,216.0,65.0,23.0,50.0,36.0,8.0,24.0,,
A,Annual,GBR,United Kingdom,UNCTAD_DE_DIG_SERVTRADE_ANN_EXP,International exports in digitally-deliverable services,USD,US dollars,SUM,Sum,UNCTAD_DE,Digital Economy and Technology,6,Millions,A,Normal value,PU,Public,221705.0,253408.0,255153.0,266049.0,282673.0,272450.0,267532.0,283165.0,321979.0,314295.0,326426.0,390859.0,386534.0,449155.0
A,Annual,GEO,Georgia,UNCTAD_DE_DIG_SERVTRADE_ANN_EXP,International exports in digitally-deliverable services,USD,US dollars,SUM,Sum,UNCTAD_DE,Digital Economy and Technology,6,Millions,A,Normal value,PU,Public,143.0,134.0,153.0,149.0,145.0,134.0,151.0,198.0,173.0,208.0,230.0,369.0,881.0,1334.0
A,Annual,GHA,Ghana,UNCTAD_DE_DIG_SERVTRADE_ANN_EXP,International exports in digitally-deliverable services,USD,US dollars,SUM,Sum,UNCTAD_DE,Digital Economy and Technology,6,Millions,A,Normal value,PU,Public,353.0,465.0,1218.0,742.0,451.0,4154.0,4042.0,4514.0,5627.0,7504.0,6752.0,7074.0,6371.0,6703.0
A,Annual,GIN,Guinea,UNCTAD_DE_DIG_SERVTRADE_ANN_EXP,International exports in digitally-deliverable services,USD,US dollars,SUM,Sum,UNCTAD_DE,Digital Economy and Technology,6,Millions,A,Normal value,PU,Public,52.0,53.0,108.0,88.0,45.0,20.0,26.0,23.0,55.0,60.0,15.0,5.0,45.0,
A,Annual,GMB,"Gambia, The",UNCTAD_DE_DIG_SERVTRADE_ANN_EXP,International exports in digitally-deliverable services,USD,US dollars,SUM,Sum,UNCTAD_DE,Digital Economy and Technology,6,Millions,A,Normal value,PU,Public,13.0,9.0,7.0,8.0,5.0,3.0,3.0,3.0,9.0,11.0,11.0,5.0,1.0,
A,Annual,GNB,Guinea-Bissau,UNCTAD_DE_DIG_SERVTRADE_ANN_EXP,International exports in digitally-deliverable services,USD,US dollars,SUM,Sum,UNCTAD_DE,Digital Economy and Technology,6,Millions,A,Normal value,PU,Public,30.0,24.0,14.0,21.0,24.0,17.0,14.0,15.0,18.0,22.0,15.0,18.0,15.0,
A,Annual,GNQ,Equatorial Guinea,UNCTAD_DE_DIG_SERVTRADE_ANN_EXP,International exports in digitally-deliverable services,USD,US dollars,SUM,Sum,UNCTAD_DE,Digital Economy and Technology,6,Millions,A,Normal value,PU,Public,13.0,11.0,24.0,20.0,15.0,13.0,16.0,77.0,57.0,21.0,49.0,60.0,29.0,
A,Annual,GRC,Greece,UNCTAD_DE_DIG_SERVTRADE_ANN_EXP,International exports in digitally-deliverable services,USD,US dollars,SUM,Sum,UNCTAD_DE,Digital Economy and Technology,6,Millions,A,Normal value,PU,Public,2932.0,3391.0,3533.0,3807.0,4214.0,3104.0,3414.0,4144.0,4321.0,4187.0,4081.0,5542.0,5708.0,6557.0
A,Annual,GRD,Grenada,UNCTAD_DE_DIG_SERVTRADE_ANN_EXP,International exports in digitally-deliverable services,USD,US dollars,SUM,Sum,UNCTAD_DE,Digital Economy and Technology,6,Millions,A,Normal value,PU,Public,31.0,31.0,28.0,,,,,47.0,,,,,88.0,37.0
A,Annual,GTM,Guatemala,UNCTAD_DE_DIG_SERVTRADE_ANN_EXP,International exports in digitally-deliverable services,USD,US dollars,SUM,Sum,UNCTAD_DE,Digital Economy and Technology,6,Millions,A,Normal value,PU,Public,606.0,651.0,772.0,827.0,917.0,944.0,1055.0,1158.0,1240.0,1232.0,1242.0,1306.0,1462.0,1493.0
A,Annual,GUY,Guyana,UNCTAD_DE_DIG_SERVTRADE_ANN_EXP,International exports in digitally-deliverable services,USD,US dollars,SUM,Sum,UNCTAD_DE,Digital Economy and Technology,6,Millions,A,Normal value,PU,Public,143.0,165.0,190.0,54.0,64.0,50.0,43.0,45.0,52.0,66.0,71.0,137.0,138.0,
A,Annual,HKG,"Hong Kong SAR, China",UNCTAD_DE_DIG_SERVTRADE_ANN_EXP,International exports in digitally-deliverable services,USD,US dollars,SUM,Sum,UNCTAD_DE,Digital Economy and Technology,6,Millions,A,Normal value,PU,Public,27784.0,30014.0,32489.0,33742.0,35746.0,37705.0,36811.0,39605.0,42528.0,40877.0,39554.0,43025.0,45297.0,
A,Annual,HND,Honduras,UNCTAD_DE_DIG_SERVTRADE_ANN_EXP,International exports in digitally-deliverable services,USD,US dollars,SUM,Sum,UNCTAD_DE,Digital Economy and Technology,6,Millions,A,Normal value,PU,Public,255.0,270.0,258.0,258.0,346.0,378.0,411.0,516.0,481.0,494.0,462.0,404.0,371.0,400.0
A,Annual,HRV,Croatia,UNCTAD_DE_DIG_SERVTRADE_ANN_EXP,International exports in digitally-deliverable services,USD,US dollars,SUM,Sum,UNCTAD_DE,Digital Economy and Technology,6,Millions,A,Normal value,PU,Public,1685.0,1973.0,1706.0,1621.0,1789.0,1831.0,2041.0,2298.0,2714.0,3003.0,2864.0,3591.0,3971.0,4704.0
A,Annual,HTI,Haiti,UNCTAD_DE_DIG_SERVTRADE_ANN_EXP,International exports in digitally-deliverable services,USD,US dollars,SUM,Sum,UNCTAD_DE,Digital Economy and Technology,6,Millions,A,Normal value,PU,Public,22.0,36.0,54.0,57.0,65.0,68.0,49.0,52.0,55.0,49.0,23.0,20.0,16.0,
A,Annual,HUN,Hungary,UNCTAD_DE_DIG_SERVTRADE_ANN_EXP,International exports in digitally-deliverable services,USD,US dollars,SUM,Sum,UNCTAD_DE,Digital Economy and Technology,6,Millions,A,Normal value,PU,Public,8030.0,9114.0,8444.0,8941.0,9879.0,8948.0,9766.0,10963.0,11934.0,11701.0,11035.0,12426.0,13045.0,14521.0
A,Annual,IDN,Indonesia,UNCTAD_DE_DIG_SERVTRADE_ANN_EXP,International exports in digitally-deliverable services,USD,US dollars,SUM,Sum,UNCTAD_DE,Digital Economy and Technology,6,Millions,A,Normal value,PU,Public,6410.0,8484.0,9981.0,8684.0,8087.0,6759.0,7379.0,7726.0,10374.0,9799.0,8213.0,9316.0,10853.0,14319.0
A,Annual,IND,India,UNCTAD_DE_DIG_SERVTRADE_ANN_EXP,International exports in digitally-deliverable services,USD,US dollars,SUM,Sum,UNCTAD_DE,Digital Economy and Technology,6,Millions,A,Normal value,PU,Public,83417.0,94132.0,104580.0,111667.0,113926.0,116620.0,119260.0,125560.0,138267.0,155256.0,164531.0,197448.0,251876.0,288653.0
A,Annual,IRL,Ireland,UNCTAD_DE_DIG_SERVTRADE_ANN_EXP,International exports in digitally-deliverable services,USD,US dollars,SUM,Sum,UNCTAD_DE,Digital Economy and Technology,6,Millions,A,Normal value,PU,Public,70816.0,81860.0,78587.0,88319.0,100831.0,102426.0,117934.0,146099.0,179457.0,208429.0,251112.0,302758.0,313872.0,340069.0
A,Annual,IRN,"Iran, Islamic Rep.",UNCTAD_DE_DIG_SERVTRADE_ANN_EXP,International exports in digitally-deliverable services,USD,US dollars,SUM,Sum,UNCTAD_DE,Digital Economy and Technology,6,Millions,A,Normal value,PU,Public,674.0,876.0,812.0,834.0,1007.0,1178.0,862.0,908.0,875.0,867.0,818.0,1086.0,,
A,Annual,IRQ,Iraq,UNCTAD_DE_DIG_SERVTRADE_ANN_EXP,International exports in digitally-deliverable services,USD,US dollars,SUM,Sum,UNCTAD_DE,Digital Economy and Technology,6,Millions,A,Normal value,PU,Public,110.0,114.0,203.0,402.0,711.0,687.0,807.0,720.0,992.0,736.0,662.0,812.0,806.0,
A,Annual,ISL,Iceland,UNCTAD_DE_DIG_SERVTRADE_ANN_EXP,International exports in digitally-deliverable services,USD,US dollars,SUM,Sum,UNCTAD_DE,Digital Economy and Technology,6,Millions,A,Normal value,PU,Public,792.0,819.0,726.0,823.0,929.0,940.0,976.0,1039.0,1084.0,1008.0,1053.0,1132.0,1344.0,1366.0
A,Annual,ISR,Israel,UNCTAD_DE_DIG_SERVTRADE_ANN_EXP,International exports in digitally-deliverable services,USD,US dollars,SUM,Sum,UNCTAD_DE,Digital Economy and Technology,6,Millions,A,Normal value,PU,Public,14804.0,18014.0,19645.0,23291.0,23959.0,25070.0,28559.0,32904.0,37655.0,42148.0,45103.0,57250.0,59797.0,60685.0
A,Annual,ITA,Italy,UNCTAD_DE_DIG_SERVTRADE_ANN_EXP,International exports in digitally-deliverable services,USD,US dollars,SUM,Sum,UNCTAD_DE,Digital Economy and Technology,6,Millions,A,Normal value,PU,Public,41036.0,45950.0,46646.0,46658.0,47475.0,39302.0,41561.0,46729.0,49894.0,48503.0,47066.0,56124.0,56131.0,68560.0
A,Annual,JAM,Jamaica,UNCTAD_DE_DIG_SERVTRADE_ANN_EXP,International exports in digitally-deliverable services,USD,US dollars,SUM,Sum,UNCTAD_DE,Digital Economy and Technology,6,Millions,A,Normal value,PU,Public,244.0,231.0,235.0,224.0,244.0,235.0,242.0,240.0,240.0,243.0,245.0,259.0,257.0,269.0
A,Annual,JOR,Jordan,UNCTAD_DE_DIG_SERVTRADE_ANN_EXP,International exports in digitally-deliverable services,USD,US dollars,SUM,Sum,UNCTAD_DE,Digital Economy and Technology,6,Millions,A,Normal value,PU,Public,295.0,303.0,341.0,328.0,340.0,360.0,326.0,275.0,313.0,266.0,244.0,378.0,294.0,271.0
A,Annual,JPN,Japan,UNCTAD_DE_DIG_SERVTRADE_ANN_EXP,International exports in digitally-deliverable services,USD,US dollars,SUM,Sum,UNCTAD_DE,Digital Economy and Technology,6,Millions,A,Normal value,PU,Public,62241.0,69841.0,62342.0,65167.0,84806.0,84308.0,95188.0,99559.0,104858.0,116991.0,114854.0,121260.0,113528.0,120276.0
A,Annual,KAZ,Kazakhstan,UNCTAD_DE_DIG_SERVTRADE_ANN_EXP,International exports in digitally-deliverable services,USD,US dollars,SUM,Sum,UNCTAD_DE,Digital Economy and Technology,6,Millions,A,Normal value,PU,Public,529.0,563.0,581.0,622.0,647.0,572.0,551.0,524.0,576.0,737.0,773.0,861.0,1330.0,2406.0
A,Annual,KEN,Kenya,UNCTAD_DE_DIG_SERVTRADE_ANN_EXP,International exports in digitally-deliverable services,USD,US dollars,SUM,Sum,UNCTAD_DE,Digital Economy and Technology,6,Millions,A,Normal value,PU,Public,553.0,649.0,895.0,988.0,1143.0,1007.0,957.0,1207.0,1554.0,1401.0,1218.0,1744.0,2052.0,
A,Annual,KGZ,Kyrgyz Republic,UNCTAD_DE_DIG_SERVTRADE_ANN_EXP,International exports in digitally-deliverable services,USD,US dollars,SUM,Sum,UNCTAD_DE,Digital Economy and Technology,6,Millions,A,Normal value,PU,Public,218.0,223.0,246.0,236.0,,112.0,126.0,122.0,89.0,,79.0,73.0,181.0,
A,Annual,KHM,Cambodia,UNCTAD_DE_DIG_SERVTRADE_ANN_EXP,International exports in digitally-deliverable services,USD,US dollars,SUM,Sum,UNCTAD_DE,Digital Economy and Technology,6,Millions,A,Normal value,PU,Public,103.0,127.0,121.0,125.0,147.0,138.0,99.0,93.0,103.0,158.0,173.0,152.0,222.0,318.0
A,Annual,KIR,Kiribati,UNCTAD_DE_DIG_SERVTRADE_ANN_EXP,International exports in digitally-deliverable services,USD,US dollars,SUM,Sum,UNCTAD_DE,Digital Economy and Technology,6,Millions,A,Normal value,PU,Public,4.0,4.0,5.0,3.0,2.0,2.0,2.0,,0.0,3.0,,0.0,0.0,
A,Annual,KNA,St. Kitts and Nevis,UNCTAD_DE_DIG_SERVTRADE_ANN_EXP,International exports in digitally-deliverable services,USD,US dollars,SUM,Sum,UNCTAD_DE,Digital Economy and Technology,6,Millions,A,Normal value,PU,Public,41.0,39.0,45.0,33.0,36.0,36.0,34.0,36.0,42.0,28.0,,,25.0,24.0
A,Annual,KOR,"Korea, Rep.",UNCTAD_DE_DIG_SERVTRADE_ANN_EXP,International exports in digitally-deliverable services,USD,US dollars,SUM,Sum,UNCTAD_DE,Digital Economy and Technology,6,Millions,A,Normal value,PU,Public,17369.0,21225.0,23738.0,25962.0,31452.0,31135.0,34164.0,36484.0,38827.0,41905.0,43479.0,55905.0,57181.0,63036.0
A,Annual,KWT,Kuwait,UNCTAD_DE_DIG_SERVTRADE_ANN_EXP,International exports in digitally-deliverable services,USD,US dollars,SUM,Sum,UNCTAD_DE,Digital Economy and Technology,6,Millions,A,Normal value,PU,Public,3915.0,4101.0,3744.0,4015.0,3649.0,3325.0,3143.0,3099.0,5860.0,5605.0,5427.0,5997.0,6381.0,6857.0
A,Annual,LAO,Lao PDR,UNCTAD_DE_DIG_SERVTRADE_ANN_EXP,International exports in digitally-deliverable services,USD,US dollars,SUM,Sum,UNCTAD_DE,Digital Economy and Technology,6,Millions,A,Normal value,PU,Public,39.0,56.0,40.0,85.0,51.0,46.0,32.0,39.0,31.0,62.0,46.0,52.0,34.0,
A,Annual,LBN,Lebanon,UNCTAD_DE_DIG_SERVTRADE_ANN_EXP,International exports in digitally-deliverable services,USD,US dollars,SUM,Sum,UNCTAD_DE,Digital Economy and Technology,6,Millions,A,Normal value,PU,Public,5663.0,8548.0,6579.0,7509.0,6446.0,7043.0,6760.0,5978.0,6156.0,,2739.0,2626.0,2697.0,2247.0
A,Annual,LBR,Liberia,UNCTAD_DE_DIG_SERVTRADE_ANN_EXP,International exports in digitally-deliverable services,USD,US dollars,SUM,Sum,UNCTAD_DE,Digital Economy and Technology,6,Millions,A,Normal value,PU,Public,5.0,7.0,5.0,5.0,6.0,5.0,24.0,10.0,9.0,9.0,71.0,87.0,99.0,
A,Annual,LBY,Libya,UNCTAD_DE_DIG_SERVTRADE_ANN_EXP,International exports in digitally-deliverable services,USD,US dollars,SUM,Sum,UNCTAD_DE,Digital Economy and Technology,6,Millions,A,Normal value,PU,Public,88.0,10.0,43.0,49.0,46.0,450.0,53.0,66.0,82.0,103.0,108.0,82.0,,
A,Annual,LCA,St. Lucia,UNCTAD_DE_DIG_SERVTRADE_ANN_EXP,International exports in digitally-deliverable services,USD,US dollars,SUM,Sum,UNCTAD_DE,Digital Economy and Technology,6,Millions,A,Normal value,PU,Public,24.0,28.0,26.0,25.0,27.0,26.0,25.0,27.0,25.0,25.0,21.0,22.0,25.0,26.0
A,Annual,LKA,Sri Lanka,UNCTAD_DE_DIG_SERVTRADE_ANN_EXP,International exports in digitally-deliverable services,USD,US dollars,SUM,Sum,UNCTAD_DE,Digital Economy and Technology,6,Millions,A,Normal value,PU,Public,865.0,1008.0,1066.0,1118.0,1177.0,1237.0,1290.0,1372.0,1422.0,1453.0,1153.0,1339.0,1228.0,1414.0
A,Annual,LSO,Lesotho,UNCTAD_DE_DIG_SERVTRADE_ANN_EXP,International exports in digitally-deliverable services,USD,US dollars,SUM,Sum,UNCTAD_DE,Digital Economy and Technology,6,Millions,A,Normal value,PU,Public,10.0,5.0,6.0,4.0,3.0,3.0,4.0,3.0,1.0,1.0,1.0,4.0,1.0,1.0
A,Annual,LTU,Lithuania,UNCTAD_DE_DIG_SERVTRADE_ANN_EXP,International exports in digitally-deliverable services,USD,US dollars,SUM,Sum,UNCTAD_DE,Digital Economy and Technology,6,Millions,A,Normal value,PU,Public,483.0,619.0,643.0,923.0,977.0,881.0,1116.0,1537.0,1871.0,2338.0,2824.0,4950.0,5285.0,7302.0
A,Annual,LUX,Luxembourg,UNCTAD_DE_DIG_SERVTRADE_ANN_EXP,International exports in digitally-deliverable services,USD,US dollars,SUM,Sum,UNCTAD_DE,Digital Economy and Technology,6,Millions,A,Normal value,PU,Public,54661.0,60520.0,63639.0,73762.0,83322.0,81327.0,82125.0,88538.0,96420.0,103944.0,105209.0,129714.0,118191.0,121788.0
A,Annual,LVA,Latvia,UNCTAD_DE_DIG_SERVTRADE_ANN_EXP,International exports in digitally-deliverable services,USD,US dollars,SUM,Sum,UNCTAD_DE,Digital Economy and Technology,6,Millions,A,Normal value,PU,Public,1237.0,1435.0,1383.0,1588.0,1629.0,1509.0,1716.0,1868.0,2227.0,2301.0,2473.0,3008.0,3550.0,3471.0
A,Annual,MAC,"Macao SAR, China",UNCTAD_DE_DIG_SERVTRADE_ANN_EXP,International exports in digitally-deliverable services,USD,US dollars,SUM,Sum,UNCTAD_DE,Digital Economy and Technology,6,Millions,A,Normal value,PU,Public,872.0,924.0,1044.0,1293.0,1656.0,1624.0,1686.0,2000.0,1962.0,2339.0,1949.0,2599.0,3331.0,
A,Annual,MAR,Morocco,UNCTAD_DE_DIG_SERVTRADE_ANN_EXP,International exports in digitally-deliverable services,USD,US dollars,SUM,Sum,UNCTAD_DE,Digital Economy and Technology,6,Millions,A,Normal value,PU,Public,2576.0,2946.0,3056.0,3039.0,3005.0,2935.0,3136.0,3312.0,3856.0,4104.0,4675.0,5127.0,5725.0,6898.0
A,Annual,MDA,Moldova,UNCTAD_DE_DIG_SERVTRADE_ANN_EXP,International exports in digitally-deliverable services,USD,US dollars,SUM,Sum,UNCTAD_DE,Digital Economy and Technology,6,Millions,A,Normal value,PU,Public,214.0,256.0,270.0,287.0,293.0,261.0,260.0,290.0,354.0,401.0,430.0,597.0,703.0,893.0
A,Annual,MDG,Madagascar,UNCTAD_DE_DIG_SERVTRADE_ANN_EXP,International exports in digitally-deliverable services,USD,US dollars,SUM,Sum,UNCTAD_DE,Digital Economy and Technology,6,Millions,A,Normal value,PU,Public,236.0,174.0,241.0,200.0,186.0,179.0,162.0,187.0,219.0,221.0,273.0,373.0,400.0,
A,Annual,MDV,Maldives,UNCTAD_DE_DIG_SERVTRADE_ANN_EXP,International exports in digitally-deliverable services,USD,US dollars,SUM,Sum,UNCTAD_DE,Digital Economy and Technology,6,Millions,A,Normal value,PU,Public,51.0,58.0,57.0,62.0,82.0,88.0,93.0,63.0,58.0,59.0,31.0,34.0,37.0,44.0
A,Annual,MEX,Mexico,UNCTAD_DE_DIG_SERVTRADE_ANN_EXP,International exports in digitally-deliverable services,USD,US dollars,SUM,Sum,UNCTAD_DE,Digital Economy and Technology,6,Millions,A,Normal value,PU,Public,5534.0,6577.0,6348.0,6944.0,8156.0,7968.0,8140.0,10151.0,9670.0,9891.0,9423.0,11159.0,12892.0,
A,Annual,MKD,North Macedonia,UNCTAD_DE_DIG_SERVTRADE_ANN_EXP,International exports in digitally-deliverable services,USD,US dollars,SUM,Sum,UNCTAD_DE,Digital Economy and Technology,6,Millions,A,Normal value,PU,Public,308.0,358.0,346.0,405.0,425.0,377.0,440.0,471.0,569.0,628.0,662.0,883.0,1099.0,1325.0
A,Annual,MLI,Mali,UNCTAD_DE_DIG_SERVTRADE_ANN_EXP,International exports in digitally-deliverable services,USD,US dollars,SUM,Sum,UNCTAD_DE,Digital Economy and Technology,6,Millions,A,Normal value,PU,Public,131.0,155.0,166.0,190.0,189.0,203.0,210.0,215.0,229.0,241.0,222.0,215.0,203.0,
A,Annual,MLT,Malta,UNCTAD_DE_DIG_SERVTRADE_ANN_EXP,International exports in digitally-deliverable services,USD,US dollars,SUM,Sum,UNCTAD_DE,Digital Economy and Technology,6,Millions,A,Normal value,PU,Public,7484.0,8253.0,8072.0,8792.0,9644.0,9554.0,9564.0,10655.0,10895.0,,,,,
A,Annual,MMR,Myanmar,UNCTAD_DE_DIG_SERVTRADE_ANN_EXP,International exports in digitally-deliverable services,USD,US dollars,SUM,Sum,UNCTAD_DE,Digital Economy and Technology,6,Millions,A,Normal value,PU,Public,39.0,27.0,193.0,282.0,573.0,697.0,570.0,694.0,728.0,1210.0,1096.0,368.0,,
A,Annual,MNE,Montenegro,UNCTAD_DE_DIG_SERVTRADE_ANN_EXP,International exports in digitally-deliverable services,USD,US dollars,SUM,Sum,UNCTAD_DE,Digital Economy and Technology,6,Millions,A,Normal value,PU,Public,101.0,107.0,109.0,124.0,136.0,145.0,157.0,180.0,220.0,220.0,247.0,368.0,433.0,512.0
A,Annual,MNG,Mongolia,UNCTAD_DE_DIG_SERVTRADE_ANN_EXP,International exports in digitally-deliverable services,USD,US dollars,SUM,Sum,UNCTAD_DE,Digital Economy and Technology,6,Millions,A,Normal value,PU,Public,38.0,63.0,112.0,88.0,79.0,75.0,103.0,124.0,147.0,158.0,115.0,103.0,168.0,211.0
A,Annual,MOZ,Mozambique,UNCTAD_DE_DIG_SERVTRADE_ANN_EXP,International exports in digitally-deliverable services,USD,US dollars,SUM,Sum,UNCTAD_DE,Digital Economy and Technology,6,Millions,A,Normal value,PU,Public,53.0,53.0,128.0,52.0,39.0,74.0,52.0,40.0,39.0,58.0,56.0,51.0,42.0,33.0
A,Annual,MRT,Mauritania,UNCTAD_DE_DIG_SERVTRADE_ANN_EXP,International exports in digitally-deliverable services,USD,US dollars,SUM,Sum,UNCTAD_DE,Digital Economy and Technology,6,Millions,A,Normal value,PU,Public,31.0,52.0,37.0,33.0,41.0,35.0,36.0,42.0,41.0,29.0,31.0,46.0,48.0,
A,Annual,MSR,Montserrat,UNCTAD_DE_DIG_SERVTRADE_ANN_EXP,International exports in digitally-deliverable services,USD,US dollars,SUM,Sum,UNCTAD_DE,Digital Economy and Technology,6,Millions,A,Normal value,PU,Public,5.0,5.0,5.0,5.0,6.0,6.0,3.0,3.0,3.0,3.0,3.0,3.0,3.0,3.0
A,Annual,MUS,Mauritius,UNCTAD_DE_DIG_SERVTRADE_ANN_EXP,International exports in digitally-deliverable services,USD,US dollars,SUM,Sum,UNCTAD_DE,Digital Economy and Technology,6,Millions,A,Normal value,PU,Public,943.0,1258.0,1462.0,1077.0,1055.0,973.0,913.0,955.0,991.0,917.0,767.0,849.0,920.0,983.0
A,Annual,MWI,Malawi,UNCTAD_DE_DIG_SERVTRADE_ANN_EXP,International exports in digitally-deliverable services,USD,US dollars,SUM,Sum,UNCTAD_DE,Digital Economy and Technology,6,Millions,A,Normal value,PU,Public,10.0,32.0,49.0,59.0,51.0,54.0,64.0,123.0,116.0,56.0,163.0,169.0,169.0,
A,Annual,MYS,Malaysia,UNCTAD_DE_DIG_SERVTRADE_ANN_EXP,International exports in digitally-deliverable services,USD,US dollars,SUM,Sum,UNCTAD_DE,Digital Economy and Technology,6,Millions,A,Normal value,PU,Public,7117.0,9338.0,10502.0,10894.0,9660.0,8644.0,9194.0,10055.0,11334.0,12131.0,12117.0,12395.0,13914.0,15544.0
A,Annual,NAM,Namibia,UNCTAD_DE_DIG_SERVTRADE_ANN_EXP,International exports in digitally-deliverable services,USD,US dollars,SUM,Sum,UNCTAD_DE,Digital Economy and Technology,6,Millions,A,Normal value,PU,Public,69.0,50.0,60.0,52.0,85.0,71.0,56.0,74.0,59.0,51.0,203.0,235.0,270.0,
A,Annual,NCL,New Caledonia,UNCTAD_DE_DIG_SERVTRADE_ANN_EXP,International exports in digitally-deliverable services,USD,US dollars,SUM,Sum,UNCTAD_DE,Digital Economy and Technology,6,Millions,A,Normal value,PU,Public,42.0,27.0,30.0,43.0,32.0,32.0,34.0,37.0,41.0,41.0,31.0,27.0,48.0,
A,Annual,NER,Niger,UNCTAD_DE_DIG_SERVTRADE_ANN_EXP,International exports in digitally-deliverable services,USD,US dollars,SUM,Sum,UNCTAD_DE,Digital Economy and Technology,6,Millions,A,Normal value,PU,Public,16.0,8.0,14.0,78.0,161.0,125.0,93.0,103.0,98.0,98.0,65.0,79.0,123.0,
A,Annual,NGA,Nigeria,UNCTAD_DE_DIG_SERVTRADE_ANN_EXP,International exports in digitally-deliverable services,USD,US dollars,SUM,Sum,UNCTAD_DE,Digital Economy and Technology,6,Millions,A,Normal value,PU,Public,76.0,95.0,106.0,235.0,168.0,442.0,496.0,689.0,1044.0,1058.0,1155.0,1007.0,1240.0,1363.0
A,Annual,NIC,Nicaragua,UNCTAD_DE_DIG_SERVTRADE_ANN_EXP,International exports in digitally-deliverable services,USD,US dollars,SUM,Sum,UNCTAD_DE,Digital Economy and Technology,6,Millions,A,Normal value,PU,Public,126.0,140.0,159.0,166.0,168.0,170.0,193.0,187.0,219.0,210.0,204.0,245.0,309.0,301.0
A,Annual,NIU,Niue,UNCTAD_DE_DIG_SERVTRADE_ANN_EXP,International exports in digitally-deliverable services,USD,US dollars,SUM,Sum,UNCTAD_DE,Digital Economy and Technology,6,Millions,A,Normal value,PU,Public,0.0,0.0,0.0,0.0,0.0,0.0,0.0,0.0,0.0,0.0,0.0,0.0,0.0,
A,Annual,NLD,Netherlands,UNCTAD_DE_DIG_SERVTRADE_ANN_EXP,International exports in digitally-deliverable services,USD,US dollars,SUM,Sum,UNCTAD_DE,Digital Economy and Technology,6,Millions,A,Normal value,PU,Public,91658.0,99768.0,94974.0,100301.0,124287.0,124286.0,120301.0,142943.0,166705.0,184069.0,150599.0,165164.0,177593.0,200985.0
A,Annual,NOR,Norway,UNCTAD_DE_DIG_SERVTRADE_ANN_EXP,International exports in digitally-deliverable services,USD,US dollars,SUM,Sum,UNCTAD_DE,Digital Economy and Technology,6,Millions,A,Normal value,PU,Public,13484.0,13900.0,17325.0,18525.0,18080.0,15990.0,16611.0,14987.0,16650.0,16033.0,16520.0,19104.0,19406.0,21197.0
A,Annual,NPL,Nepal,UNCTAD_DE_DIG_SERVTRADE_ANN_EXP,International exports in digitally-deliverable services,USD,US dollars,SUM,Sum,UNCTAD_DE,Digital Economy and Technology,6,Millions,A,Normal value,PU,Public,124.0,237.0,328.0,448.0,509.0,487.0,489.0,550.0,580.0,540.0,428.0,409.0,513.0,621.0
A,Annual,NRU,Nauru,UNCTAD_DE_DIG_SERVTRADE_ANN_EXP,International exports in digitally-deliverable services,USD,US dollars,SUM,Sum,UNCTAD_DE,Digital Economy and Technology,6,Millions,A,Normal value,PU,Public,1.0,1.0,0.0,11.0,9.0,8.0,6.0,6.0,6.0,6.0,3.0,,,
A,Annual,NZL,New Zealand,UNCTAD_DE_DIG_SERVTRADE_ANN_EXP,International exports in digitally-deliverable services,USD,US dollars,SUM,Sum,UNCTAD_DE,Digital Economy and Technology,6,Millions,A,Normal value,PU,Public,2717.0,3238.0,3351.0,3342.0,3365.0,3195.0,3662.0,3712.0,3263.0,3987.0,3758.0,5061.0,4246.0,4525.0
A,Annual,OMN,Oman,UNCTAD_DE_DIG_SERVTRADE_ANN_EXP,International exports in digitally-deliverable services,USD,US dollars,SUM,Sum,UNCTAD_DE,Digital Economy and Technology,6,Millions,A,Normal value,PU,Public,172.0,174.0,201.0,277.0,289.0,289.0,301.0,314.0,412.0,447.0,462.0,531.0,608.0,
A,Annual,PAK,Pakistan,UNCTAD_DE_DIG_SERVTRADE_ANN_EXP,International exports in digitally-deliverable services,USD,US dollars,SUM,Sum,UNCTAD_DE,Digital Economy and Technology,6,Millions,A,Normal value,PU,Public,1146.0,1194.0,1217.0,1541.0,1631.0,1624.0,1788.0,2096.0,2310.0,2463.0,2802.0,3722.0,4173.0,4053.0
A,Annual,PAN,Panama,UNCTAD_DE_DIG_SERVTRADE_ANN_EXP,International exports in digitally-deliverable services,USD,US dollars,SUM,Sum,UNCTAD_DE,Digital Economy and Technology,6,Millions,A,Normal value,PU,Public,1575.0,1932.0,1932.0,1930.0,1892.0,2211.0,2210.0,2213.0,2095.0,2072.0,1634.0,1581.0,2112.0,2723.0
A,Annual,PER,Peru,UNCTAD_DE_DIG_SERVTRADE_ANN_EXP,International exports in digitally-deliverable services,USD,US dollars,SUM,Sum,UNCTAD_DE,Digital Economy and Technology,6,Millions,A,Normal value,PU,Public,659.0,831.0,,,,,,,,,,,,
A,Annual,PHL,Philippines,UNCTAD_DE_DIG_SERVTRADE_ANN_EXP,International exports in digitally-deliverable services,USD,US dollars,SUM,Sum,UNCTAD_DE,Digital Economy and Technology,6,Millions,A,Normal value,PU,Public,8923.0,9477.0,9860.0,11332.0,12415.0,14433.0,15001.0,15247.0,16289.0,16917.0,16682.0,18183.0,19817.0,21391.0
A,Annual,PLW,Palau,UNCTAD_DE_DIG_SERVTRADE_ANN_EXP,International exports in digitally-deliverable services,USD,US dollars,SUM,Sum,UNCTAD_DE,Digital Economy and Technology,6,Millions,A,Normal value,PU,Public,1.0,1.0,1.0,0.0,0.0,1.0,1.0,1.0,1.0,1.0,1.0,1.0,1.0,
A,Annual,PNG,Papua New Guinea,UNCTAD_DE_DIG_SERVTRADE_ANN_EXP,International exports in digitally-deliverable services,USD,US dollars,SUM,Sum,UNCTAD_DE,Digital Economy and Technology,6,Millions,A,Normal value,PU,Public,36.0,110.0,85.0,77.0,49.0,23.0,13.0,43.0,63.0,96.0,28.0,30.0,35.0,23.0
A,Annual,POL,Poland,UNCTAD_DE_DIG_SERVTRADE_ANN_EXP,International exports in digitally-deliverable services,USD,US dollars,SUM,Sum,UNCTAD_DE,Digital Economy and Technology,6,Millions,A,Normal value,PU,Public,12108.0,12813.0,13294.0,14503.0,16373.0,15801.0,17815.0,21192.0,26098.0,27694.0,30199.0,36590.0,40418.0,48431.0
A,Annual,PRT,Portugal,UNCTAD_DE_DIG_SERVTRADE_ANN_EXP,International exports in digitally-deliverable services,USD,US dollars,SUM,Sum,UNCTAD_DE,Digital Economy and Technology,6,Millions,A,Normal value,PU,Public,5135.0,6232.0,5686.0,6965.0,7373.0,6677.0,6830.0,7291.0,8096.0,8386.0,8745.0,11362.0,12269.0,14504.0
A,Annual,PRY,Paraguay,UNCTAD_DE_DIG_SERVTRADE_ANN_EXP,International exports in digitally-deliverable services,USD,US dollars,SUM,Sum,UNCTAD_DE,Digital Economy and Technology,6,Millions,A,Normal value,PU,Public,36.0,26.0,20.0,23.0,29.0,31.0,28.0,32.0,30.0,29.0,33.0,34.0,37.0,33.0
A,Annual,PSE,West Bank and Gaza,UNCTAD_DE_DIG_SERVTRADE_ANN_EXP,International exports in digitally-deliverable services,USD,US dollars,SUM,Sum,UNCTAD_DE,Digital Economy and Technology,6,Millions,A,Normal value,PU,Public,55.0,37.0,85.0,155.0,133.0,105.0,74.0,106.0,142.0,40.0,45.0,50.0,62.0,
A,Annual,PYF,French Polynesia,UNCTAD_DE_DIG_SERVTRADE_ANN_EXP,International exports in digitally-deliverable services,USD,US dollars,SUM,Sum,UNCTAD_DE,Digital Economy and Technology,6,Millions,A,Normal value,PU,Public,50.0,42.0,35.0,39.0,51.0,31.0,32.0,33.0,33.0,24.0,32.0,29.0,33.0,
A,Annual,QAT,Qatar,UNCTAD_DE_DIG_SERVTRADE_ANN_EXP,International exports in digitally-deliverable services,USD,US dollars,SUM,Sum,UNCTAD_DE,Digital Economy and Technology,6,Millions,A,Normal value,PU,Public,550.0,490.0,1213.0,1147.0,1583.0,1455.0,1389.0,1212.0,1882.0,2062.0,3360.0,2036.0,3140.0,3415.0
A,Annual,ROU,Romania,UNCTAD_DE_DIG_SERVTRADE_ANN_EXP,International exports in digitally-deliverable services,USD,US dollars,SUM,Sum,UNCTAD_DE,Digital Economy and Technology,6,Millions,A,Normal value,PU,Public,4173.0,4671.0,5386.0,6854.0,7902.0,7283.0,8443.0,9777.0,11945.0,13197.0,13914.0,16487.0,18640.0,21133.0
A,Annual,RUS,Russian Federation,UNCTAD_DE_DIG_SERVTRADE_ANN_EXP,International exports in digitally-deliverable services,USD,US dollars,SUM,Sum,UNCTAD_DE,Digital Economy and Technology,6,Millions,A,Normal value,PU,Public,17631.0,20612.0,23007.0,26564.0,24428.0,19848.0,18551.0,20129.0,21297.0,21578.0,20715.0,24533.0,18683.0,10973.0
A,Annual,RWA,Rwanda,UNCTAD_DE_DIG_SERVTRADE_ANN_EXP,International exports in digitally-deliverable services,USD,US dollars,SUM,Sum,UNCTAD_DE,Digital Economy and Technology,6,Millions,A,Normal value,PU,Public,32.0,28.0,31.0,39.0,32.0,36.0,31.0,37.0,36.0,36.0,35.0,48.0,45.0,60.0
A,Annual,SAU,Saudi Arabia,UNCTAD_DE_DIG_SERVTRADE_ANN_EXP,International exports in digitally-deliverable services,USD,US dollars,SUM,Sum,UNCTAD_DE,Digital Economy and Technology,6,Millions,A,Normal value,PU,Public,1627.0,702.0,895.0,1019.0,862.0,830.0,1093.0,993.0,1560.0,2383.0,2345.0,3269.0,3285.0,3877.0
A,Annual,SDN,Sudan,UNCTAD_DE_DIG_SERVTRADE_ANN_EXP,International exports in digitally-deliverable services,USD,US dollars,SUM,Sum,UNCTAD_DE,Digital Economy and Technology,6,Millions,A,Normal value,PU,Public,,,46.0,35.0,40.0,25.0,55.0,64.0,3.0,12.0,29.0,27.0,7.0,
A,Annual,SEN,Senegal,UNCTAD_DE_DIG_SERVTRADE_ANN_EXP,International exports in digitally-deliverable services,USD,US dollars,SUM,Sum,UNCTAD_DE,Digital Economy and Technology,6,Millions,A,Normal value,PU,Public,369.0,395.0,453.0,507.0,507.0,460.0,446.0,466.0,427.0,382.0,333.0,418.0,,
A,Annual,SGP,Singapore,UNCTAD_DE_DIG_SERVTRADE_ANN_EXP,International exports in digitally-deliverable services,USD,US dollars,SUM,Sum,UNCTAD_DE,Digital Economy and Technology,6,Millions,A,Normal value,PU,Public,37658.0,47176.0,54421.0,62770.0,70750.0,77557.0,80285.0,94489.0,114403.0,123383.0,133222.0,161138.0,176576.0,186790.0
A,Annual,SLB,Solomon Islands,UNCTAD_DE_DIG_SERVTRADE_ANN_EXP,International exports in digitally-deliverable services,USD,US dollars,SUM,Sum,UNCTAD_DE,Digital Economy and Technology,6,Millions,A,Normal value,PU,Public,12.0,21.0,,12.0,13.0,10.0,11.0,7.0,6.0,9.0,8.0,6.0,11.0,9.0
A,Annual,SLE,Sierra Leone,UNCTAD_DE_DIG_SERVTRADE_ANN_EXP,International exports in digitally-deliverable services,USD,US dollars,SUM,Sum,UNCTAD_DE,Digital Economy and Technology,6,Millions,A,Normal value,PU,Public,3.0,77.0,101.0,101.0,127.0,116.0,8.0,12.0,10.0,5.0,7.0,36.0,12.0,
A,Annual,SLV,El Salvador,UNCTAD_DE_DIG_SERVTRADE_ANN_EXP,International exports in digitally-deliverable services,USD,US dollars,SUM,Sum,UNCTAD_DE,Digital Economy and Technology,6,Millions,A,Normal value,PU,Public,228.0,202.0,285.0,303.0,311.0,354.0,394.0,435.0,407.0,463.0,509.0,705.0,809.0,845.0
A,Annual,SRB,Serbia,UNCTAD_DE_DIG_SERVTRADE_ANN_EXP,International exports in digitally-deliverable services,USD,US dollars,SUM,Sum,UNCTAD_DE,Digital Economy and Technology,6,Millions,A,Normal value,PU,Public,1346.0,1591.0,1583.0,1821.0,1966.0,1944.0,2162.0,2671.0,3384.0,4047.0,4177.0,5284.0,6626.0,8505.0
A,Annual,SSD,South Sudan,UNCTAD_DE_DIG_SERVTRADE_ANN_EXP,International exports in digitally-deliverable services,USD,US dollars,SUM,Sum,UNCTAD_DE,Digital Economy and Technology,6,Millions,A,Normal value,PU,Public,,,14.0,12.0,26.0,52.0,122.0,74.0,53.0,115.0,147.0,,624.0,
A,Annual,SSF,Sub-Saharan Africa,UNCTAD_DE_DIG_SERVTRADE_ANN_EXP,International exports in digitally-deliverable services,USD,US dollars,SUM,Sum,UNCTAD_DE,Digital Economy and Technology,6,Millions,A,Normal value,PU,Public,9712.0,11732.0,13632.0,13078.0,13275.0,16558.0,16169.0,18293.0,21341.0,22111.0,20091.0,22897.0,24225.0,26363.0
A,Annual,STP,Sao Tome and Principe,UNCTAD_DE_DIG_SERVTRADE_ANN_EXP,International exports in digitally-deliverable services,USD,US dollars,SUM,Sum,UNCTAD_DE,Digital Economy and Technology,6,Millions,A,Normal value,PU,Public,2.0,2.0,2.0,1.0,1.0,2.0,2.0,1.0,0.0,1.0,3.0,4.0,4.0,
A,Annual,SUR,Suriname,UNCTAD_DE_DIG_SERVTRADE_ANN_EXP,International exports in digitally-deliverable services,USD,US dollars,SUM,Sum,UNCTAD_DE,Digital Economy and Technology,6,Millions,A,Normal value,PU,Public,59.0,53.0,64.0,54.0,69.0,47.0,74.0,29.0,28.0,24.0,23.0,28.0,37.0,49.0
A,Annual,SVK,Slovak Republic,UNCTAD_DE_DIG_SERVTRADE_ANN_EXP,International exports in digitally-deliverable services,USD,US dollars,SUM,Sum,UNCTAD_DE,Digital Economy and Technology,6,Millions,A,Normal value,PU,Public,1495.0,1772.0,2408.0,3139.0,3032.0,2680.0,3079.0,3875.0,4390.0,4406.0,4613.0,5029.0,4967.0,5609.0
A,Annual,SVN,Slovenia,UNCTAD_DE_DIG_SERVTRADE_ANN_EXP,International exports in digitally-deliverable services,USD,US dollars,SUM,Sum,UNCTAD_DE,Digital Economy and Technology,6,Millions,A,Normal value,PU,Public,1588.0,1799.0,1701.0,1821.0,2022.0,1800.0,1980.0,2304.0,2586.0,2668.0,2773.0,3590.0,3800.0,4265.0
A,Annual,SWE,Sweden,UNCTAD_DE_DIG_SERVTRADE_ANN_EXP,International exports in digitally-deliverable services,USD,US dollars,SUM,Sum,UNCTAD_DE,Digital Economy and Technology,6,Millions,A,Normal value,PU,Public,31426.0,39604.0,39517.0,46838.0,49303.0,46694.0,45907.0,46034.0,48115.0,54014.0,52999.0,67504.0,67414.0,80399.0
A,Annual,SWZ,Eswatini,UNCTAD_DE_DIG_SERVTRADE_ANN_EXP,International exports in digitally-deliverable services,USD,US dollars,SUM,Sum,UNCTAD_DE,Digital Economy and Technology,6,Millions,A,Normal value,PU,Public,84.0,27.0,26.0,13.0,22.0,20.0,13.0,69.0,22.0,23.0,22.0,22.0,17.0,
A,Annual,SXM,Sint Maarten (Dutch part),UNCTAD_DE_DIG_SERVTRADE_ANN_EXP,International exports in digitally-deliverable services,USD,US dollars,SUM,Sum,UNCTAD_DE,Digital Economy and Technology,6,Millions,A,Normal value,PU,Public,,116.0,130.0,140.0,151.0,135.0,113.0,129.0,125.0,138.0,89.0,84.0,93.0,97.0
A,Annual,SYC,Seychelles,UNCTAD_DE_DIG_SERVTRADE_ANN_EXP,International exports in digitally-deliverable services,USD,US dollars,SUM,Sum,UNCTAD_DE,Digital Economy and Technology,6,Millions,A,Normal value,PU,Public,33.0,38.0,140.0,228.0,226.0,231.0,,,,750.0,,,,
A,Annual,TCD,Chad,UNCTAD_DE_DIG_SERVTRADE_ANN_EXP,International exports in digitally-deliverable services,USD,US dollars,SUM,Sum,UNCTAD_DE,Digital Economy and Technology,6,Millions,A,Normal value,PU,Public,184.0,196.0,108.0,126.0,136.0,91.0,104.0,26.0,76.0,75.0,56.0,,,
A,Annual,TGO,Togo,UNCTAD_DE_DIG_SERVTRADE_ANN_EXP,International exports in digitally-deliverable services,USD,US dollars,SUM,Sum,UNCTAD_DE,Digital Economy and Technology,6,Millions,A,Normal value,PU,Public,68.0,98.0,53.0,48.0,55.0,97.0,124.0,167.0,201.0,202.0,213.0,,,
A,Annual,THA,Thailand,UNCTAD_DE_DIG_SERVTRADE_ANN_EXP,International exports in digitally-deliverable services,USD,US dollars,SUM,Sum,UNCTAD_DE,Digital Economy and Technology,6,Millions,A,Normal value,PU,Public,9637.0,9733.0,11412.0,12175.0,13347.0,13097.0,16237.0,14428.0,17043.0,,,,,
A,Annual,TJK,Tajikistan,UNCTAD_DE_DIG_SERVTRADE_ANN_EXP,International exports in digitally-deliverable services,USD,US dollars,SUM,Sum,UNCTAD_DE,Digital Economy and Technology,6,Millions,A,Normal value,PU,Public,28.0,19.0,12.0,18.0,18.0,17.0,12.0,7.0,9.0,9.0,6.0,5.0,7.0,23.0
A,Annual,TLS,Timor-Leste,UNCTAD_DE_DIG_SERVTRADE_ANN_EXP,International exports in digitally-deliverable services,USD,US dollars,SUM,Sum,UNCTAD_DE,Digital Economy and Technology,6,Millions,A,Normal value,PU,Public,6.0,7.0,8.0,19.0,25.0,4.0,2.0,2.0,2.0,1.0,1.0,4.0,5.0,5.0
A,Annual,TON,Tonga,UNCTAD_DE_DIG_SERVTRADE_ANN_EXP,International exports in digitally-deliverable services,USD,US dollars,SUM,Sum,UNCTAD_DE,Digital Economy and Technology,6,Millions,A,Normal value,PU,Public,3.0,3.0,2.0,6.0,4.0,1.0,4.0,8.0,15.0,7.0,6.0,11.0,16.0,
A,Annual,TTO,Trinidad and Tobago,UNCTAD_DE_DIG_SERVTRADE_ANN_EXP,International exports in digitally-deliverable services,USD,US dollars,SUM,Sum,UNCTAD_DE,Digital Economy and Technology,6,Millions,A,Normal value,PU,Public,175.0,135.0,180.0,100.0,134.0,100.0,88.0,102.0,109.0,138.0,136.0,188.0,218.0,240.0
A,Annual,TUN,Tunisia,UNCTAD_DE_DIG_SERVTRADE_ANN_EXP,International exports in digitally-deliverable services,USD,US dollars,SUM,Sum,UNCTAD_DE,Digital Economy and Technology,6,Millions,A,Normal value,PU,Public,789.0,822.0,826.0,870.0,,,,,,906.0,681.0,1044.0,1321.0,
A,Annual,TUR,Turkiye,UNCTAD_DE_DIG_SERVTRADE_ANN_EXP,International exports in digitally-deliverable services,USD,US dollars,SUM,Sum,UNCTAD_DE,Digital Economy and Technology,6,Millions,A,Normal value,PU,Public,,,,6793.0,7348.0,6786.0,5820.0,6656.0,6774.0,7176.0,7173.0,8478.0,9584.0,13259.0
A,Annual,TUV,Tuvalu,UNCTAD_DE_DIG_SERVTRADE_ANN_EXP,International exports in digitally-deliverable services,USD,US dollars,SUM,Sum,UNCTAD_DE,Digital Economy and Technology,6,Millions,A,Normal value,PU,Public,0.0,0.0,0.0,0.0,0.0,0.0,0.0,1.0,0.0,0.0,0.0,0.0,0.0,
A,Annual,TWN,"Taiwan, China",UNCTAD_DE_DIG_SERVTRADE_ANN_EXP,International exports in digitally-deliverable services,USD,US dollars,SUM,Sum,UNCTAD_DE,Digital Economy and Technology,6,Millions,A,Normal value,PU,Public,6599.0,8033.0,9459.0,10597.0,11570.0,12416.0,13415.0,15857.0,18480.0,19805.0,21244.0,24184.0,26334.0,27155.0
A,Annual,TZA,Tanzania,UNCTAD_DE_DIG_SERVTRADE_ANN_EXP,International exports in digitally-deliverable services,USD,US dollars,SUM,Sum,UNCTAD_DE,Digital Economy and Technology,6,Millions,A,Normal value,PU,Public,279.0,324.0,378.0,443.0,439.0,430.0,399.0,414.0,322.0,348.0,212.0,273.0,393.0,
A,Annual,UGA,Uganda,UNCTAD_DE_DIG_SERVTRADE_ANN_EXP,International exports in digitally-deliverable services,USD,US dollars,SUM,Sum,UNCTAD_DE,Digital Economy and Technology,6,Millions,A,Normal value,PU,Public,197.0,248.0,345.0,444.0,604.0,450.0,304.0,248.0,285.0,249.0,213.0,265.0,274.0,285.0
A,Annual,UKR,Ukraine,UNCTAD_DE_DIG_SERVTRADE_ANN_EXP,International exports in digitally-deliverable services,USD,US dollars,SUM,Sum,UNCTAD_DE,Digital Economy and Technology,6,Millions,A,Normal value,PU,Public,3587.0,3958.0,4452.0,5323.0,4711.0,4077.0,3997.0,4744.0,5831.0,7040.0,7950.0,10229.0,10046.0,9733.0
A,Annual,URY,Uruguay,UNCTAD_DE_DIG_SERVTRADE_ANN_EXP,International exports in digitally-deliverable services,USD,US dollars,SUM,Sum,UNCTAD_DE,Digital Economy and Technology,6,Millions,A,Normal value,PU,Public,604.0,699.0,,,,,,,,3092.0,2802.0,,,
A,Annual,USA,United States,UNCTAD_DE_DIG_SERVTRADE_ANN_EXP,International exports in digitally-deliverable services,USD,US dollars,SUM,Sum,UNCTAD_DE,Digital Economy and Technology,6,Millions,A,Normal value,PU,Public,329324.0,368944.0,390308.0,406191.0,434490.0,437737.0,455020.0,498283.0,508032.0,537130.0,546748.0,619389.0,659263.0,680457.0
A,Annual,UZB,Uzbekistan,UNCTAD_DE_DIG_SERVTRADE_ANN_EXP,International exports in digitally-deliverable services,USD,US dollars,SUM,Sum,UNCTAD_DE,Digital Economy and Technology,6,Millions,A,Normal value,PU,Public,154.0,221.0,338.0,341.0,389.0,351.0,248.0,256.0,257.0,274.0,274.0,328.0,1302.0,765.0
A,Annual,VCT,St. Vincent and the Grenadines,UNCTAD_DE_DIG_SERVTRADE_ANN_EXP,International exports in digitally-deliverable services,USD,US dollars,SUM,Sum,UNCTAD_DE,Digital Economy and Technology,6,Millions,A,Normal value,PU,Public,20.0,18.0,21.0,21.0,20.0,18.0,20.0,18.0,15.0,17.0,18.0,18.0,18.0,18.0
A,Annual,VEN,"Venezuela, RB",UNCTAD_DE_DIG_SERVTRADE_ANN_EXP,International exports in digitally-deliverable services,USD,US dollars,SUM,Sum,UNCTAD_DE,Digital Economy and Technology,6,Millions,A,Normal value,PU,Public,108.0,99.0,100.0,110.0,117.0,124.0,91.0,,,59.0,23.0,,,
A,Annual,VNM,Viet Nam,UNCTAD_DE_DIG_SERVTRADE_ANN_EXP,International exports in digitally-deliverable services,USD,US dollars,SUM,Sum,UNCTAD_DE,Digital Economy and Technology,6,Millions,A,Normal value,PU,Public,560.0,605.0,549.0,894.0,898.0,,,,,,2196.0,2316.0,3600.0,
A,Annual,VUT,Vanuatu,UNCTAD_DE_DIG_SERVTRADE_ANN_EXP,International exports in digitally-deliverable services,USD,US dollars,SUM,Sum,UNCTAD_DE,Digital Economy and Technology,6,Millions,A,Normal value,PU,Public,18.0,17.0,17.0,14.0,14.0,13.0,14.0,14.0,14.0,11.0,10.0,10.0,10.0,
A,Annual,WLD,World,UNCTAD_DE_DIG_SERVTRADE_ANN_EXP,International exports in digitally-deliverable services,USD,US dollars,SUM,Sum,UNCTAD_DE,Digital Economy and Technology,6,Millions,A,Normal value,PU,Public,1835732.0,2099551.0,2178859.0,2338419.0,2553608.0,2482052.0,2574647.0,2800594.0,3112957.0,3274737.0,3324128.0,3905260.0,4083964.0,4462457.0
A,Annual,WSM,Samoa,UNCTAD_DE_DIG_SERVTRADE_ANN_EXP,International exports in digitally-deliverable services,USD,US dollars,SUM,Sum,UNCTAD_DE,Digital Economy and Technology,6,Millions,A,Normal value,PU,Public,11.0,13.0,10.0,21.0,22.0,29.0,32.0,43.0,28.0,35.0,31.0,41.0,36.0,44.0
A,Annual,XKX,Kosovo,UNCTAD_DE_DIG_SERVTRADE_ANN_EXP,International exports in digitally-deliverable services,USD,US dollars,SUM,Sum,UNCTAD_DE,Digital Economy and Technology,6,Millions,A,Normal value,PU,Public,155.0,182.0,149.0,135.0,167.0,112.0,105.0,116.0,163.0,181.0,279.0,307.0,407.0,549.0
A,Annual,YEM,"Yemen, Rep.",UNCTAD_DE_DIG_SERVTRADE_ANN_EXP,International exports in digitally-deliverable services,USD,US dollars,SUM,Sum,UNCTAD_DE,Digital Economy and Technology,6,Millions,A,Normal value,PU,Public,116.0,128.0,326.0,376.0,220.0,74.0,121.0,,,84.0,112.0,,,
A,Annual,ZAF,South Africa,UNCTAD_DE_DIG_SERVTRADE_ANN_EXP,International exports in digitally-deliverable services,USD,US dollars,SUM,Sum,UNCTAD_DE,Digital Economy and Technology,6,Millions,A,Normal value,PU,Public,3890.0,4664.0,4936.0,4927.0,5145.0,5220.0,5274.0,5928.0,6510.0,5885.0,5304.0,6604.0,7215.0,7834.0
A,Annual,ZMB,Zambia,UNCTAD_DE_DIG_SERVTRADE_ANN_EXP,International exports in digitally-deliverable services,USD,US dollars,SUM,Sum,UNCTAD_DE,Digital Economy and Technology,6,Millions,A,Normal value,PU,Public,35.0,46.0,386.0,126.0,133.0,140.0,146.0,144.0,137.0,130.0,84.0,58.0,41.0,72.0
A,Annual,ZWE,Zimbabwe,UNCTAD_DE_DIG_SERVTRADE_ANN_EXP,International exports in digitally-deliverable services,USD,US dollars,SUM,Sum,UNCTAD_DE,Digital Economy and Technology,6,Millions,A,Normal value,PU,Public,58.0,61.0,64.0,67.0,70.0,73.0,76.0,56.0,54.0,89.0,74.0,,,
